{"payload":{"installed_packages":["absl-py==2.1.0","attrs==24.2.0","boto3==1.35.54","botocore==1.35.54","certifi==2024.8.30","charset-normalizer==3.4.0","click==8.1.7","colorama==0.4.6","comet-ml==3.47.1","configobj==5.0.9","contourpy==1.3.0","cycler==0.12.1","dulwich==0.22.4","everett==3.1.0","filelock==3.13.1","filetype==1.2.0","fire==0.7.0","fonttools==4.54.1","fsspec==2024.2.0","gitdb==4.0.11","gitpython==3.1.43","grpcio==1.67.1","huggingface-hub==0.14.1","idna==3.7","jinja2==3.1.3","jmespath==1.0.1","jsonschema==4.23.0","jsonschema-specifications==2024.10.1","kiwisolver==1.4.7","markdown==3.7","markdown-it-py==3.0.0","markupsafe==2.1.5","matplotlib==3.9.2","mdurl==0.1.2","mpmath==1.3.0","networkx==3.2.1","numpy==1.26.4","opencv-python==4.9.0.80","opencv-python-headless==4.10.0.84","packaging==24.1","pandas==2.2.3","pillow==11.0.0","pip==24.3.1","protobuf==5.28.3","psutil==6.1.0","py-cpuinfo==9.0.0","pybboxes==0.1.6","pygments==2.18.0","pyparsing==3.2.0","python-box==6.1.0","python-dateutil==2.9.0.post0","python-dotenv==1.0.1","pytz==2024.2","pyyaml==6.0.2","referencing==0.35.1","requests==2.32.3","requests-toolbelt==1.0.0","rich==13.9.4","roboflow==1.1.48","rpds-py==0.20.1","s3transfer==0.10.3","sahi==0.11.18","scipy==1.14.1","seaborn==0.13.2","semantic-version==2.10.0","sentry-sdk==2.17.0","setuptools==70.0.0","shapely==2.0.6","simplejson==3.19.3","six==1.16.0","smmap==5.0.1","sympy==1.13.1","tensorboard==2.18.0","tensorboard-data-server==0.7.2","termcolor==2.5.0","terminaltables==3.1.10","thop==0.1.1-2209072238","torch==2.5.1+cu124","torchaudio==2.5.1+cu124","torchvision==0.20.1+cu124","tqdm==4.66.6","typing_extensions==4.9.0","tzdata==2024.2","ultralytics==8.3.27","ultralytics-thop==2.0.10","urllib3==2.2.3","werkzeug==3.1.1","wrapt==1.16.0","wurlitzer==3.1.1","yolov5==7.0.13"],"message_id":1},"type":"installed_packages"}
{"payload":{"command":["your_training_script.py"],"env":null,"hostname":"MSI","ip":"192.168.0.104","machine":"AMD64","message_id":2,"os":"Windows-11-10.0.22631-SP0","os_release":"11","os_type":"Windows","pid":20460,"processor":"Intel64 Family 6 Model 141 Stepping 1, GenuineIntel","python_exe":"C:\\Users\\rohit\\OneDrive\\Desktop\\net_kill_device\\.venv\\Scripts\\python.exe","python_version":"3.12.0","python_version_verbose":"3.12.0 (tags/v3.12.0:0fb18b0, Oct  2 2023, 13:03:39) [MSC v.1935 64 bit (AMD64)]","user":"rohit"},"type":"system_details"}
{"payload":{"gpu_static_info":[{"gpu_index":0,"name":"NVIDIA GeForce RTX 3050 Laptop GPU","power_limit":40000,"total_memory":4294967296,"uuid":"GPU-b5b56ea7-95c1-b794-0d77-ddeb9367ffe7"}],"message_id":3},"type":"gpu_static_info"}
{"payload":{"local_timestamp":1730590024211,"message_id":4,"metric":{"epoch":null,"metricName":"sys.gpu.0.total_memory","metricValue":4294967296,"step":null}},"type":"metric_msg"}
{"payload":{"key":"offline_experiment","message_id":5,"value":true},"type":"log_other"}
{"payload":{"key":"Name","message_id":6,"value":"exp"},"type":"log_other"}
{"payload":{"local_timestamp":1730590024215,"message_id":7,"metric":{"epoch":null,"metricName":"sys.gpu.0.gpu_utilization","metricValue":0,"step":null}},"type":"metric_msg"}
{"payload":{"local_timestamp":1730590024215,"message_id":8,"metric":{"epoch":null,"metricName":"sys.gpu.0.power_usage","metricValue":4204,"step":null}},"type":"metric_msg"}
{"payload":{"local_timestamp":1730590024215,"message_id":9,"metric":{"epoch":null,"metricName":"sys.gpu.0.temperature","metricValue":48,"step":null}},"type":"metric_msg"}
{"payload":{"local_timestamp":1730590024215,"message_id":10,"metric":{"epoch":null,"metricName":"sys.gpu.0.memory_utilization","metricValue":0,"step":null}},"type":"metric_msg"}
{"payload":{"local_timestamp":1730590024215,"message_id":11,"metric":{"epoch":null,"metricName":"sys.gpu.0.free_memory","metricValue":4133847040,"step":null}},"type":"metric_msg"}
{"payload":{"local_timestamp":1730590024215,"message_id":12,"metric":{"epoch":null,"metricName":"sys.gpu.0.used_memory","metricValue":161120256,"step":null}},"type":"metric_msg"}
{"payload":{"local_timestamp":1730590024215,"message_id":13,"metric":{"epoch":null,"metricName":"sys.gpu.0.percent.used_memory","metricValue":3.751373291015625,"step":null}},"type":"metric_msg"}
{"payload":{"additional_params":{"assetId":"6a90dfe2cc964762916bcb359ededdd6","context":null,"extension":"yaml","fileName":"dataset.yaml","overwrite":false,"runId":null,"step":null},"clean":true,"file_path":"tmpi7gpotxp","local_timestamp":1730590024219,"message_id":14,"metadata":{"type":"data-config-file"},"upload_type":"asset"},"type":"file_upload"}
{"payload":{"key":"Created from","message_id":15,"value":"YOLOv5"},"type":"log_other"}
{"payload":{"key":"hasNestedParams","message_id":16,"value":true},"type":"log_other"}
{"payload":{"local_timestamp":1730590024224,"message_id":17,"param":{"paramName":"artifact_alias","paramValue":"latest","source":"manual","step":null}},"type":"parameter_msg"}
{"payload":{"local_timestamp":1730590024224,"message_id":18,"param":{"paramName":"batch","paramValue":16,"source":"manual","step":null}},"type":"parameter_msg"}
{"payload":{"local_timestamp":1730590024224,"message_id":19,"param":{"paramName":"batch_size","paramValue":16,"source":"manual","step":null}},"type":"parameter_msg"}
{"payload":{"local_timestamp":1730590024224,"message_id":20,"param":{"paramName":"bbox_interval","paramValue":-1,"source":"manual","step":null}},"type":"parameter_msg"}
{"payload":{"local_timestamp":1730590024224,"message_id":21,"param":{"paramName":"bucket","paramValue":"","source":"manual","step":null}},"type":"parameter_msg"}
{"payload":{"local_timestamp":1730590024224,"message_id":22,"param":{"paramName":"cache","paramValue":true,"source":"manual","step":null}},"type":"parameter_msg"}
{"payload":{"local_timestamp":1730590024224,"message_id":23,"param":{"paramName":"cfg","paramValue":"","source":"manual","step":null}},"type":"parameter_msg"}
{"payload":{"local_timestamp":1730590024224,"message_id":24,"param":{"paramName":"cos_lr","paramValue":false,"source":"manual","step":null}},"type":"parameter_msg"}
{"payload":{"local_timestamp":1730590024224,"message_id":25,"param":{"paramName":"data","paramValue":"C:\\Users\\rohit\\OneDrive\\Desktop\\net_kill_device\\badminton_net_fault_detection\\yolov5\\data\\dataset.yaml","source":"manual","step":null}},"type":"parameter_msg"}
{"payload":{"local_timestamp":1730590024224,"message_id":26,"param":{"paramName":"device","paramValue":"cuda:0","source":"manual","step":null}},"type":"parameter_msg"}
{"payload":{"local_timestamp":1730590024224,"message_id":27,"param":{"paramName":"entity","paramValue":null,"source":"manual","step":null}},"type":"parameter_msg"}
{"payload":{"local_timestamp":1730590024224,"message_id":28,"param":{"paramName":"epochs","paramValue":100,"source":"manual","step":null}},"type":"parameter_msg"}
{"payload":{"local_timestamp":1730590024224,"message_id":29,"param":{"paramName":"evolve","paramValue":null,"source":"manual","step":null}},"type":"parameter_msg"}
{"payload":{"local_timestamp":1730590024224,"message_id":30,"param":{"paramName":"exist_ok","paramValue":false,"source":"manual","step":null}},"type":"parameter_msg"}
{"payload":{"local_timestamp":1730590024224,"message_id":31,"params":{"paramName":"freeze","paramValue":[0],"source":"manual","step":null}},"type":"parameter_msg"}
{"payload":{"local_timestamp":1730590024225,"message_id":32,"param":{"paramName":"hf_dataset_id","paramValue":null,"source":"manual","step":null}},"type":"parameter_msg"}
{"payload":{"local_timestamp":1730590024225,"message_id":33,"param":{"paramName":"hf_model_id","paramValue":null,"source":"manual","step":null}},"type":"parameter_msg"}
{"payload":{"local_timestamp":1730590024225,"message_id":34,"param":{"paramName":"hf_private","paramValue":false,"source":"manual","step":null}},"type":"parameter_msg"}
{"payload":{"local_timestamp":1730590024225,"message_id":35,"param":{"paramName":"hf_token","paramValue":null,"source":"manual","step":null}},"type":"parameter_msg"}
{"payload":{"local_timestamp":1730590024225,"message_id":36,"param":{"paramName":"hyp|anchor_t","paramValue":4.0,"source":"manual","step":null}},"type":"parameter_msg"}
{"payload":{"local_timestamp":1730590024225,"message_id":37,"param":{"paramName":"hyp|box","paramValue":0.05,"source":"manual","step":null}},"type":"parameter_msg"}
{"payload":{"local_timestamp":1730590024225,"message_id":38,"param":{"paramName":"hyp|cls","paramValue":0.5,"source":"manual","step":null}},"type":"parameter_msg"}
{"payload":{"local_timestamp":1730590024225,"message_id":39,"param":{"paramName":"hyp|cls_pw","paramValue":1.0,"source":"manual","step":null}},"type":"parameter_msg"}
{"payload":{"local_timestamp":1730590024225,"message_id":40,"param":{"paramName":"hyp|copy_paste","paramValue":0.0,"source":"manual","step":null}},"type":"parameter_msg"}
{"payload":{"local_timestamp":1730590024225,"message_id":41,"param":{"paramName":"hyp|degrees","paramValue":0.0,"source":"manual","step":null}},"type":"parameter_msg"}
{"payload":{"local_timestamp":1730590024225,"message_id":42,"param":{"paramName":"hyp|fl_gamma","paramValue":0.0,"source":"manual","step":null}},"type":"parameter_msg"}
{"payload":{"local_timestamp":1730590024225,"message_id":43,"param":{"paramName":"hyp|fliplr","paramValue":0.5,"source":"manual","step":null}},"type":"parameter_msg"}
{"payload":{"local_timestamp":1730590024225,"message_id":44,"param":{"paramName":"hyp|flipud","paramValue":0.0,"source":"manual","step":null}},"type":"parameter_msg"}
{"payload":{"local_timestamp":1730590024225,"message_id":45,"param":{"paramName":"hyp|hsv_h","paramValue":0.015,"source":"manual","step":null}},"type":"parameter_msg"}
{"payload":{"local_timestamp":1730590024225,"message_id":46,"param":{"paramName":"hyp|hsv_s","paramValue":0.7,"source":"manual","step":null}},"type":"parameter_msg"}
{"payload":{"local_timestamp":1730590024225,"message_id":47,"param":{"paramName":"hyp|hsv_v","paramValue":0.4,"source":"manual","step":null}},"type":"parameter_msg"}
{"payload":{"local_timestamp":1730590024225,"message_id":48,"param":{"paramName":"hyp|iou_t","paramValue":0.2,"source":"manual","step":null}},"type":"parameter_msg"}
{"payload":{"local_timestamp":1730590024225,"message_id":49,"param":{"paramName":"hyp|lr0","paramValue":0.01,"source":"manual","step":null}},"type":"parameter_msg"}
{"payload":{"local_timestamp":1730590024225,"message_id":50,"param":{"paramName":"hyp|lrf","paramValue":0.01,"source":"manual","step":null}},"type":"parameter_msg"}
{"payload":{"local_timestamp":1730590024225,"message_id":51,"param":{"paramName":"hyp|mixup","paramValue":0.0,"source":"manual","step":null}},"type":"parameter_msg"}
{"payload":{"local_timestamp":1730590024225,"message_id":52,"param":{"paramName":"hyp|momentum","paramValue":0.937,"source":"manual","step":null}},"type":"parameter_msg"}
{"payload":{"local_timestamp":1730590024225,"message_id":53,"param":{"paramName":"hyp|mosaic","paramValue":1.0,"source":"manual","step":null}},"type":"parameter_msg"}
{"payload":{"local_timestamp":1730590024225,"message_id":54,"param":{"paramName":"hyp|obj","paramValue":1.0,"source":"manual","step":null}},"type":"parameter_msg"}
{"payload":{"local_timestamp":1730590024225,"message_id":55,"param":{"paramName":"hyp|obj_pw","paramValue":1.0,"source":"manual","step":null}},"type":"parameter_msg"}
{"payload":{"local_timestamp":1730590024225,"message_id":56,"param":{"paramName":"hyp|perspective","paramValue":0.0,"source":"manual","step":null}},"type":"parameter_msg"}
{"payload":{"local_timestamp":1730590024225,"message_id":57,"param":{"paramName":"hyp|scale","paramValue":0.5,"source":"manual","step":null}},"type":"parameter_msg"}
{"payload":{"local_timestamp":1730590024225,"message_id":58,"param":{"paramName":"hyp|shear","paramValue":0.0,"source":"manual","step":null}},"type":"parameter_msg"}
{"payload":{"local_timestamp":1730590024225,"message_id":59,"param":{"paramName":"hyp|translate","paramValue":0.1,"source":"manual","step":null}},"type":"parameter_msg"}
{"payload":{"local_timestamp":1730590024225,"message_id":60,"param":{"paramName":"hyp|warmup_bias_lr","paramValue":0.1,"source":"manual","step":null}},"type":"parameter_msg"}
{"payload":{"local_timestamp":1730590024225,"message_id":61,"param":{"paramName":"hyp|warmup_epochs","paramValue":3.0,"source":"manual","step":null}},"type":"parameter_msg"}
{"payload":{"local_timestamp":1730590024225,"message_id":62,"param":{"paramName":"hyp|warmup_momentum","paramValue":0.8,"source":"manual","step":null}},"type":"parameter_msg"}
{"payload":{"local_timestamp":1730590024225,"message_id":63,"param":{"paramName":"hyp|weight_decay","paramValue":0.0005,"source":"manual","step":null}},"type":"parameter_msg"}
{"payload":{"local_timestamp":1730590024225,"message_id":64,"param":{"paramName":"image_weights","paramValue":false,"source":"manual","step":null}},"type":"parameter_msg"}
{"payload":{"local_timestamp":1730590024225,"message_id":65,"param":{"paramName":"img","paramValue":640,"source":"manual","step":null}},"type":"parameter_msg"}
{"payload":{"local_timestamp":1730590024225,"message_id":66,"param":{"paramName":"imgsz","paramValue":640,"source":"manual","step":null}},"type":"parameter_msg"}
{"payload":{"local_timestamp":1730590024225,"message_id":67,"param":{"paramName":"label_smoothing","paramValue":0.0,"source":"manual","step":null}},"type":"parameter_msg"}
{"payload":{"local_timestamp":1730590024225,"message_id":68,"param":{"paramName":"local_rank","paramValue":-1,"source":"manual","step":null}},"type":"parameter_msg"}
{"payload":{"local_timestamp":1730590024225,"message_id":69,"param":{"paramName":"multi_scale","paramValue":false,"source":"manual","step":null}},"type":"parameter_msg"}
{"payload":{"local_timestamp":1730590024225,"message_id":70,"param":{"paramName":"name","paramValue":"exp","source":"manual","step":null}},"type":"parameter_msg"}
{"payload":{"local_timestamp":1730590024225,"message_id":71,"param":{"paramName":"neptune_project","paramValue":null,"source":"manual","step":null}},"type":"parameter_msg"}
{"payload":{"local_timestamp":1730590024225,"message_id":72,"param":{"paramName":"neptune_resume_id","paramValue":null,"source":"manual","step":null}},"type":"parameter_msg"}
{"payload":{"local_timestamp":1730590024225,"message_id":73,"param":{"paramName":"neptune_token","paramValue":null,"source":"manual","step":null}},"type":"parameter_msg"}
{"payload":{"local_timestamp":1730590024225,"message_id":74,"param":{"paramName":"noautoanchor","paramValue":false,"source":"manual","step":null}},"type":"parameter_msg"}
{"payload":{"local_timestamp":1730590024225,"message_id":75,"param":{"paramName":"noplots","paramValue":false,"source":"manual","step":null}},"type":"parameter_msg"}
{"payload":{"local_timestamp":1730590024225,"message_id":76,"param":{"paramName":"nosave","paramValue":false,"source":"manual","step":null}},"type":"parameter_msg"}
{"payload":{"local_timestamp":1730590024225,"message_id":77,"param":{"paramName":"noval","paramValue":false,"source":"manual","step":null}},"type":"parameter_msg"}
{"payload":{"local_timestamp":1730590024225,"message_id":78,"param":{"paramName":"optimizer","paramValue":"SGD","source":"manual","step":null}},"type":"parameter_msg"}
{"payload":{"local_timestamp":1730590024225,"message_id":79,"param":{"paramName":"patience","paramValue":100,"source":"manual","step":null}},"type":"parameter_msg"}
{"payload":{"local_timestamp":1730590024225,"message_id":80,"param":{"paramName":"project","paramValue":"runs/train","source":"manual","step":null}},"type":"parameter_msg"}
{"payload":{"local_timestamp":1730590024225,"message_id":81,"param":{"paramName":"quad","paramValue":false,"source":"manual","step":null}},"type":"parameter_msg"}
{"payload":{"local_timestamp":1730590024225,"message_id":82,"param":{"paramName":"rect","paramValue":false,"source":"manual","step":null}},"type":"parameter_msg"}
{"payload":{"local_timestamp":1730590024225,"message_id":83,"param":{"paramName":"resume","paramValue":false,"source":"manual","step":null}},"type":"parameter_msg"}
{"payload":{"local_timestamp":1730590024225,"message_id":84,"param":{"paramName":"roboflow_token","paramValue":null,"source":"manual","step":null}},"type":"parameter_msg"}
{"payload":{"local_timestamp":1730590024225,"message_id":85,"param":{"paramName":"roboflow_upload","paramValue":false,"source":"manual","step":null}},"type":"parameter_msg"}
{"payload":{"local_timestamp":1730590024225,"message_id":86,"param":{"paramName":"s3_upload_dir","paramValue":null,"source":"manual","step":null}},"type":"parameter_msg"}
{"payload":{"local_timestamp":1730590024225,"message_id":87,"param":{"paramName":"save_dir","paramValue":"runs\\train\\exp3","source":"manual","step":null}},"type":"parameter_msg"}
{"payload":{"local_timestamp":1730590024225,"message_id":88,"param":{"paramName":"save_period","paramValue":-1,"source":"manual","step":null}},"type":"parameter_msg"}
{"payload":{"local_timestamp":1730590024225,"message_id":89,"param":{"paramName":"seed","paramValue":0,"source":"manual","step":null}},"type":"parameter_msg"}
{"payload":{"local_timestamp":1730590024225,"message_id":90,"param":{"paramName":"single_cls","paramValue":false,"source":"manual","step":null}},"type":"parameter_msg"}
{"payload":{"local_timestamp":1730590024225,"message_id":91,"param":{"paramName":"sync_bn","paramValue":false,"source":"manual","step":null}},"type":"parameter_msg"}
{"payload":{"local_timestamp":1730590024225,"message_id":92,"param":{"paramName":"upload_dataset","paramValue":false,"source":"manual","step":null}},"type":"parameter_msg"}
{"payload":{"local_timestamp":1730590024225,"message_id":93,"param":{"paramName":"weights","paramValue":"yolov5s.pt","source":"manual","step":null}},"type":"parameter_msg"}
{"payload":{"local_timestamp":1730590024225,"message_id":94,"param":{"paramName":"workers","paramValue":4,"source":"manual","step":null}},"type":"parameter_msg"}
{"payload":{"local_timestamp":1730590024225,"message_id":95,"param":{"paramName":"anchor_t","paramValue":4.0,"source":"manual","step":null}},"type":"parameter_msg"}
{"payload":{"local_timestamp":1730590024225,"message_id":96,"param":{"paramName":"box","paramValue":0.05,"source":"manual","step":null}},"type":"parameter_msg"}
{"payload":{"local_timestamp":1730590024225,"message_id":97,"param":{"paramName":"cls","paramValue":0.5,"source":"manual","step":null}},"type":"parameter_msg"}
{"payload":{"local_timestamp":1730590024225,"message_id":98,"param":{"paramName":"cls_pw","paramValue":1.0,"source":"manual","step":null}},"type":"parameter_msg"}
{"payload":{"local_timestamp":1730590024225,"message_id":99,"param":{"paramName":"copy_paste","paramValue":0.0,"source":"manual","step":null}},"type":"parameter_msg"}
{"payload":{"local_timestamp":1730590024225,"message_id":100,"param":{"paramName":"degrees","paramValue":0.0,"source":"manual","step":null}},"type":"parameter_msg"}
{"payload":{"local_timestamp":1730590024225,"message_id":101,"param":{"paramName":"fl_gamma","paramValue":0.0,"source":"manual","step":null}},"type":"parameter_msg"}
{"payload":{"local_timestamp":1730590024225,"message_id":102,"param":{"paramName":"fliplr","paramValue":0.5,"source":"manual","step":null}},"type":"parameter_msg"}
{"payload":{"local_timestamp":1730590024225,"message_id":103,"param":{"paramName":"flipud","paramValue":0.0,"source":"manual","step":null}},"type":"parameter_msg"}
{"payload":{"local_timestamp":1730590024225,"message_id":104,"param":{"paramName":"hsv_h","paramValue":0.015,"source":"manual","step":null}},"type":"parameter_msg"}
{"payload":{"local_timestamp":1730590024225,"message_id":105,"param":{"paramName":"hsv_s","paramValue":0.7,"source":"manual","step":null}},"type":"parameter_msg"}
{"payload":{"local_timestamp":1730590024225,"message_id":106,"param":{"paramName":"hsv_v","paramValue":0.4,"source":"manual","step":null}},"type":"parameter_msg"}
{"payload":{"local_timestamp":1730590024225,"message_id":107,"param":{"paramName":"iou_t","paramValue":0.2,"source":"manual","step":null}},"type":"parameter_msg"}
{"payload":{"local_timestamp":1730590024225,"message_id":108,"param":{"paramName":"lr0","paramValue":0.01,"source":"manual","step":null}},"type":"parameter_msg"}
{"payload":{"local_timestamp":1730590024225,"message_id":109,"param":{"paramName":"lrf","paramValue":0.01,"source":"manual","step":null}},"type":"parameter_msg"}
{"payload":{"local_timestamp":1730590024226,"message_id":110,"param":{"paramName":"mixup","paramValue":0.0,"source":"manual","step":null}},"type":"parameter_msg"}
{"payload":{"local_timestamp":1730590024226,"message_id":111,"param":{"paramName":"momentum","paramValue":0.937,"source":"manual","step":null}},"type":"parameter_msg"}
{"payload":{"local_timestamp":1730590024226,"message_id":112,"param":{"paramName":"mosaic","paramValue":1.0,"source":"manual","step":null}},"type":"parameter_msg"}
{"payload":{"local_timestamp":1730590024226,"message_id":113,"param":{"paramName":"obj","paramValue":1.0,"source":"manual","step":null}},"type":"parameter_msg"}
{"payload":{"local_timestamp":1730590024226,"message_id":114,"param":{"paramName":"obj_pw","paramValue":1.0,"source":"manual","step":null}},"type":"parameter_msg"}
{"payload":{"local_timestamp":1730590024226,"message_id":115,"param":{"paramName":"perspective","paramValue":0.0,"source":"manual","step":null}},"type":"parameter_msg"}
{"payload":{"local_timestamp":1730590024226,"message_id":116,"param":{"paramName":"scale","paramValue":0.5,"source":"manual","step":null}},"type":"parameter_msg"}
{"payload":{"local_timestamp":1730590024226,"message_id":117,"param":{"paramName":"shear","paramValue":0.0,"source":"manual","step":null}},"type":"parameter_msg"}
{"payload":{"local_timestamp":1730590024226,"message_id":118,"param":{"paramName":"translate","paramValue":0.1,"source":"manual","step":null}},"type":"parameter_msg"}
{"payload":{"local_timestamp":1730590024226,"message_id":119,"param":{"paramName":"warmup_bias_lr","paramValue":0.1,"source":"manual","step":null}},"type":"parameter_msg"}
{"payload":{"local_timestamp":1730590024226,"message_id":120,"param":{"paramName":"warmup_epochs","paramValue":3.0,"source":"manual","step":null}},"type":"parameter_msg"}
{"payload":{"local_timestamp":1730590024226,"message_id":121,"param":{"paramName":"warmup_momentum","paramValue":0.8,"source":"manual","step":null}},"type":"parameter_msg"}
{"payload":{"local_timestamp":1730590024226,"message_id":122,"param":{"paramName":"weight_decay","paramValue":0.0005,"source":"manual","step":null}},"type":"parameter_msg"}
{"payload":{"additional_params":{"assetId":"78f5efd413644d61bd9aaf87ac84c2dd","context":null,"epoch":null,"extension":"json","fileName":"hyperparameters.json","overwrite":false,"runId":null,"step":null},"clean":true,"file_path":"tmpqxxtn3u2","local_timestamp":1730590024232,"message_id":123,"metadata":{"type":"hyp-config-file"},"upload_type":"asset"},"type":"file_upload"}
{"payload":{"additional_params":{"assetId":"5f6bcc59801a4217ad7dccfe8c6836c2","context":null,"extension":"yaml","fileName":"opt.yaml","overwrite":false,"runId":null,"step":null},"clean":true,"file_path":"tmp94wh9_03","local_timestamp":1730590024235,"message_id":124,"metadata":{"type":"opt-config-file"},"upload_type":"asset"},"type":"file_upload"}
{"payload":{"local_timestamp":1730590024235,"message_id":125,"param":{"paramName":"val_conf_threshold","paramValue":0.001,"source":"manual","step":null}},"type":"parameter_msg"}
{"payload":{"local_timestamp":1730590024235,"message_id":126,"param":{"paramName":"val_iou_threshold","paramValue":0.6,"source":"manual","step":null}},"type":"parameter_msg"}
{"payload":{"key":"comet_mode","message_id":127,"value":"online"},"type":"log_other"}
{"payload":{"key":"comet_max_image_uploads","message_id":128,"value":100},"type":"log_other"}
{"payload":{"key":"comet_log_per_class_metrics","message_id":129,"value":false},"type":"log_other"}
{"payload":{"key":"comet_log_batch_metrics","message_id":130,"value":false},"type":"log_other"}
{"payload":{"key":"comet_log_confusion_matrix","message_id":131,"value":true},"type":"log_other"}
{"payload":{"key":"comet_model_name","message_id":132,"value":"yolov5"},"type":"log_other"}
{"payload":{"local_timestamp":1730590024657,"message_id":133,"metric":{"epoch":null,"metricName":"sys.cpu.percent.avg","metricValue":0.0,"step":null}},"type":"metric_msg"}
{"payload":{"local_timestamp":1730590024657,"message_id":134,"metric":{"epoch":null,"metricName":"sys.ram.total","metricValue":16866881536,"step":null}},"type":"metric_msg"}
{"payload":{"local_timestamp":1730590024657,"message_id":135,"metric":{"epoch":null,"metricName":"sys.ram.used","metricValue":6173483008,"step":null}},"type":"metric_msg"}
{"payload":{"local_timestamp":1730590024657,"message_id":136,"metric":{"epoch":null,"metricName":"sys.ram.available","metricValue":10693398528,"step":null}},"type":"metric_msg"}
{"payload":{"local_timestamp":1730590024657,"message_id":137,"metric":{"epoch":null,"metricName":"sys.ram.percent.used","metricValue":36.6,"step":null}},"type":"metric_msg"}
{"payload":{"local_timestamp":1730590024657,"message_id":138,"metric":{"epoch":null,"metricName":"sys.load.avg","metricValue":0.0,"step":null}},"type":"metric_msg"}
{"payload":{"git_metadata":{"branch":"refs/heads/master","origin":"https://github.com/ultralytics/yolov5.git","parent":"2f74455adc74a587c9e9d5a6e45df880fce8ea3e","repo_name":"yolov5","root":"1e84a23f38fad9e52b59101e9f1246d93066ed1e","status":null,"user":"Rohit04052004"},"message_id":139},"type":"git_metadata"}
{"payload":{"local_timestamp":1730590026335,"message_id":140,"output":"Overriding model.yaml nc=80 with nc=4\n","stderr":true},"type":"standard_output"}
{"payload":{"local_timestamp":1730590026335,"message_id":141,"output":"\n                 from  n    params  module                                  arguments                     \n","stderr":true},"type":"standard_output"}
{"payload":{"local_timestamp":1730590026351,"message_id":142,"output":"  0                -1  1      3520  yolov5.models.common.Conv               [3, 32, 6, 2, 2]              \n","stderr":true},"type":"standard_output"}
{"payload":{"local_timestamp":1730590026351,"message_id":143,"output":"  1                -1  1     18560  yolov5.models.common.Conv               [32, 64, 3, 2]                \n","stderr":true},"type":"standard_output"}
{"payload":{"local_timestamp":1730590026353,"message_id":144,"output":"  2                -1  1     18816  yolov5.models.common.C3                 [64, 64, 1]                   \n","stderr":true},"type":"standard_output"}
{"payload":{"local_timestamp":1730590026356,"message_id":145,"output":"  3                -1  1     73984  yolov5.models.common.Conv               [64, 128, 3, 2]               \n","stderr":true},"type":"standard_output"}
{"payload":{"local_timestamp":1730590026359,"message_id":146,"output":"  4                -1  2    115712  yolov5.models.common.C3                 [128, 128, 2]                 \n","stderr":true},"type":"standard_output"}
{"payload":{"local_timestamp":1730590026361,"message_id":147,"output":"  5                -1  1    295424  yolov5.models.common.Conv               [128, 256, 3, 2]              \n","stderr":true},"type":"standard_output"}
{"payload":{"local_timestamp":1730590026366,"message_id":148,"output":"  6                -1  3    625152  yolov5.models.common.C3                 [256, 256, 3]                 \n","stderr":true},"type":"standard_output"}
{"payload":{"local_timestamp":1730590026375,"message_id":149,"output":"  7                -1  1   1180672  yolov5.models.common.Conv               [256, 512, 3, 2]              \n","stderr":true},"type":"standard_output"}
{"payload":{"local_timestamp":1730590026382,"message_id":150,"output":"  8                -1  1   1182720  yolov5.models.common.C3                 [512, 512, 1]                 \n","stderr":true},"type":"standard_output"}
{"payload":{"local_timestamp":1730590026387,"message_id":151,"output":"  9                -1  1    656896  yolov5.models.common.SPPF               [512, 512, 5]                 \n","stderr":true},"type":"standard_output"}
{"payload":{"local_timestamp":1730590026389,"message_id":152,"output":" 10                -1  1    131584  yolov5.models.common.Conv               [512, 256, 1, 1]              \n","stderr":true},"type":"standard_output"}
{"payload":{"local_timestamp":1730590026389,"message_id":153,"output":" 11                -1  1         0  torch.nn.modules.upsampling.Upsample    [None, 2, 'nearest']          \n","stderr":true},"type":"standard_output"}
{"payload":{"local_timestamp":1730590026390,"message_id":154,"output":" 12           [-1, 6]  1         0  yolov5.models.common.Concat             [1]                           \n","stderr":true},"type":"standard_output"}
{"payload":{"local_timestamp":1730590026393,"message_id":155,"output":" 13                -1  1    361984  yolov5.models.common.C3                 [512, 256, 1, False]          \n","stderr":true},"type":"standard_output"}
{"payload":{"local_timestamp":1730590026394,"message_id":156,"output":" 14                -1  1     33024  yolov5.models.common.Conv               [256, 128, 1, 1]              \n","stderr":true},"type":"standard_output"}
{"payload":{"local_timestamp":1730590026395,"message_id":157,"output":" 15                -1  1         0  torch.nn.modules.upsampling.Upsample    [None, 2, 'nearest']          \n","stderr":true},"type":"standard_output"}
{"payload":{"local_timestamp":1730590026395,"message_id":158,"output":" 16           [-1, 4]  1         0  yolov5.models.common.Concat             [1]                           \n","stderr":true},"type":"standard_output"}
{"payload":{"local_timestamp":1730590026397,"message_id":159,"output":" 17                -1  1     90880  yolov5.models.common.C3                 [256, 128, 1, False]          \n","stderr":true},"type":"standard_output"}
{"payload":{"local_timestamp":1730590026399,"message_id":160,"output":" 18                -1  1    147712  yolov5.models.common.Conv               [128, 128, 3, 2]              \n","stderr":true},"type":"standard_output"}
{"payload":{"local_timestamp":1730590026399,"message_id":161,"output":" 19          [-1, 14]  1         0  yolov5.models.common.Concat             [1]                           \n","stderr":true},"type":"standard_output"}
{"payload":{"local_timestamp":1730590026403,"message_id":162,"output":" 20                -1  1    296448  yolov5.models.common.C3                 [256, 256, 1, False]          \n","stderr":true},"type":"standard_output"}
{"payload":{"local_timestamp":1730590026407,"message_id":163,"output":" 21                -1  1    590336  yolov5.models.common.Conv               [256, 256, 3, 2]              \n","stderr":true},"type":"standard_output"}
{"payload":{"local_timestamp":1730590026407,"message_id":164,"output":" 22          [-1, 10]  1         0  yolov5.models.common.Concat             [1]                           \n","stderr":true},"type":"standard_output"}
{"payload":{"local_timestamp":1730590026417,"message_id":165,"output":" 23                -1  1   1182720  yolov5.models.common.C3                 [512, 512, 1, False]          \n","stderr":true},"type":"standard_output"}
{"payload":{"local_timestamp":1730590026427,"message_id":166,"output":" 24      [17, 20, 23]  1     24273  yolov5.models.yolo.Detect               [4, [[10, 13, 16, 30, 33, 23], [30, 61, 62, 45, 59, 119], [116, 90, 156, 198, 373, 326]], [128, 256, 512]]\n","stderr":true},"type":"standard_output"}
{"payload":{"local_timestamp":1730590026679,"message_id":167,"output":"Model summary: 214 layers, 7030417 parameters, 7030417 gradients, 16.0 GFLOPs\n","stderr":true},"type":"standard_output"}
{"payload":{"local_timestamp":1730590026680,"message_id":168,"output":"\n","stderr":true},"type":"standard_output"}
{"payload":{"local_timestamp":1730590026957,"message_id":169,"output":"Transferred 343/349 items from yolov5s.pt\n","stderr":true},"type":"standard_output"}
{"payload":{"local_timestamp":1730590027082,"message_id":170,"output":"`torch.cuda.amp.autocast(args...)` is deprecated. Please use `torch.amp.autocast('cuda', args...)` instead.\n","stderr":true},"type":"standard_output"}
{"payload":{"local_timestamp":1730590028066,"message_id":171,"output":"`torch.cuda.amp.autocast(args...)` is deprecated. Please use `torch.amp.autocast('cuda', args...)` instead.\n","stderr":true},"type":"standard_output"}
{"payload":{"local_timestamp":1730590028491,"message_id":172,"output":"\u001b[34m\u001b[1mAMP: \u001b[0mchecks passed \n","stderr":true},"type":"standard_output"}
{"payload":{"local_timestamp":1730590028493,"message_id":173,"output":"\u001b[34m\u001b[1moptimizer:\u001b[0m SGD(lr=0.01) with parameter groups 57 weight(decay=0.0), 60 weight(decay=0.0005), 60 bias\n","stderr":true},"type":"standard_output"}
{"payload":{"local_timestamp":1730590029076,"message_id":174,"output":"\r\u001b[34m\u001b[1mtrain: \u001b[0mScanning C:\\Users\\rohit\\OneDrive\\Desktop\\net_kill_device\\badminton_net_fault_detection\\yolov5\\data\\train\\labels.cache... 2891 images, 339 backgrounds, 0 corrupt: 100%|\u2588\u2588\u2588\u2588\u2588\u2588\u2588\u2588\u2588\u2588| 2891/\u001b[0m","stderr":true},"type":"standard_output"}
{"payload":{"local_timestamp":1730590029078,"message_id":175,"output":"\r\u001b[34m\u001b[1mtrain: \u001b[0mScanning C:\\Users\\rohit\\OneDrive\\Desktop\\net_kill_device\\badminton_net_fault_detection\\yolov5\\data\\train\\labels.cache... 2891 images, 339 backgrounds, 0 corrupt: 100%|\u2588\u2588\u2588\u2588\u2588\u2588\u2588\u2588\u2588\u2588| 2891/\u001b[0m","stderr":true},"type":"standard_output"}
{"payload":{"local_timestamp":1730590029078,"message_id":176,"output":"\n","stderr":true},"type":"standard_output"}
{"payload":{"local_timestamp":1730590029114,"message_id":177,"output":"\r  0%|          | 0/2891 [00:00<?, ?it/s]","stderr":true},"type":"standard_output"}
{"payload":{"local_timestamp":1730590029215,"message_id":178,"output":"\r\u001b[34m\u001b[1mtrain: \u001b[0mCaching images (0.1GB True):   3%|\u258e         | 98/2891 [00:00<00:02, 976.32it/s]\u001b[0m","stderr":true},"type":"standard_output"}
{"payload":{"local_timestamp":1730590029357,"message_id":179,"output":"\r\u001b[34m\u001b[1mtrain: \u001b[0mCaching images (0.2GB True):   7%|\u258b         | 196/2891 [00:00<00:03, 784.87it/s]\u001b[0m","stderr":true},"type":"standard_output"}
{"payload":{"local_timestamp":1730590029462,"message_id":180,"output":"\r\u001b[34m\u001b[1mtrain: \u001b[0mCaching images (0.2GB True):  10%|\u2589         | 277/2891 [00:00<00:03, 776.25it/s]\u001b[0m","stderr":true},"type":"standard_output"}
{"payload":{"local_timestamp":1730590029563,"message_id":181,"output":"\r\u001b[34m\u001b[1mtrain: \u001b[0mCaching images (0.4GB True):  16%|\u2588\u258c        | 464/2891 [00:00<00:02, 1165.20it/s]\u001b[0m","stderr":true},"type":"standard_output"}
{"payload":{"local_timestamp":1730590029663,"message_id":182,"output":"\r\u001b[34m\u001b[1mtrain: \u001b[0mCaching images (0.6GB True):  22%|\u2588\u2588\u258f       | 647/2891 [00:00<00:01, 1390.22it/s]\u001b[0m","stderr":true},"type":"standard_output"}
{"payload":{"local_timestamp":1730590029763,"message_id":183,"output":"\r\u001b[34m\u001b[1mtrain: \u001b[0mCaching images (0.8GB True):  28%|\u2588\u2588\u258a       | 809/2891 [00:00<00:01, 1465.11it/s]\u001b[0m","stderr":true},"type":"standard_output"}
{"payload":{"local_timestamp":1730590029863,"message_id":184,"output":"\r\u001b[34m\u001b[1mtrain: \u001b[0mCaching images (1.0GB True):  34%|\u2588\u2588\u2588\u258d      | 988/2891 [00:00<00:01, 1567.07it/s]\u001b[0m","stderr":true},"type":"standard_output"}
{"payload":{"local_timestamp":1730590029965,"message_id":185,"output":"\r\u001b[34m\u001b[1mtrain: \u001b[0mCaching images (1.2GB True):  40%|\u2588\u2588\u2588\u2588      | 1163/2891 [00:00<00:01, 1615.80it/s]\u001b[0m","stderr":true},"type":"standard_output"}
{"payload":{"local_timestamp":1730590030066,"message_id":186,"output":"\r\u001b[34m\u001b[1mtrain: \u001b[0mCaching images (1.4GB True):  47%|\u2588\u2588\u2588\u2588\u258b     | 1345/2891 [00:00<00:00, 1674.30it/s]\u001b[0m","stderr":true},"type":"standard_output"}
{"payload":{"local_timestamp":1730590030167,"message_id":187,"output":"\r\u001b[34m\u001b[1mtrain: \u001b[0mCaching images (1.7GB True):  53%|\u2588\u2588\u2588\u2588\u2588\u258e    | 1525/2891 [00:01<00:00, 1711.55it/s]\u001b[0m","stderr":true},"type":"standard_output"}
{"payload":{"local_timestamp":1730590030270,"message_id":188,"output":"\r\u001b[34m\u001b[1mtrain: \u001b[0mCaching images (1.8GB True):  59%|\u2588\u2588\u2588\u2588\u2588\u258a    | 1698/2891 [00:01<00:00, 1698.14it/s]\u001b[0m","stderr":true},"type":"standard_output"}
{"payload":{"local_timestamp":1730590030370,"message_id":189,"output":"\r\u001b[34m\u001b[1mtrain: \u001b[0mCaching images (2.0GB True):  65%|\u2588\u2588\u2588\u2588\u2588\u2588\u258c   | 1881/2891 [00:01<00:00, 1737.59it/s]\u001b[0m","stderr":true},"type":"standard_output"}
{"payload":{"local_timestamp":1730590030470,"message_id":190,"output":"\r\u001b[34m\u001b[1mtrain: \u001b[0mCaching images (2.2GB True):  71%|\u2588\u2588\u2588\u2588\u2588\u2588\u2588\u258f  | 2066/2891 [00:01<00:00, 1768.32it/s]\u001b[0m","stderr":true},"type":"standard_output"}
{"payload":{"local_timestamp":1730590030572,"message_id":191,"output":"\r\u001b[34m\u001b[1mtrain: \u001b[0mCaching images (2.4GB True):  78%|\u2588\u2588\u2588\u2588\u2588\u2588\u2588\u258a  | 2252/2891 [00:01<00:00, 1786.68it/s]\u001b[0m","stderr":true},"type":"standard_output"}
{"payload":{"local_timestamp":1730590030673,"message_id":192,"output":"\r\u001b[34m\u001b[1mtrain: \u001b[0mCaching images (2.6GB True):  84%|\u2588\u2588\u2588\u2588\u2588\u2588\u2588\u2588\u258d | 2433/2891 [00:01<00:00, 1793.20it/s]\u001b[0m","stderr":true},"type":"standard_output"}
{"payload":{"local_timestamp":1730590030776,"message_id":193,"output":"\r\u001b[34m\u001b[1mtrain: \u001b[0mCaching images (2.8GB True):  90%|\u2588\u2588\u2588\u2588\u2588\u2588\u2588\u2588\u2588 | 2613/2891 [00:01<00:00, 1774.02it/s]\u001b[0m","stderr":true},"type":"standard_output"}
{"payload":{"local_timestamp":1730590030882,"message_id":194,"output":"\r\u001b[34m\u001b[1mtrain: \u001b[0mCaching images (3.0GB True):  97%|\u2588\u2588\u2588\u2588\u2588\u2588\u2588\u2588\u2588\u258b| 2791/2891 [00:01<00:00, 1744.72it/s]\u001b[0m","stderr":true},"type":"standard_output"}
{"payload":{"local_timestamp":1730590030943,"message_id":195,"output":"\r\u001b[34m\u001b[1mtrain: \u001b[0mCaching images (3.1GB True): 100%|\u2588\u2588\u2588\u2588\u2588\u2588\u2588\u2588\u2588\u2588| 2891/2891 [00:01<00:00, 1580.31it/s]\u001b[0m","stderr":true},"type":"standard_output"}
{"payload":{"local_timestamp":1730590030943,"message_id":196,"output":"\n","stderr":true},"type":"standard_output"}
{"payload":{"local_timestamp":1730590055754,"message_id":197,"metric":{"epoch":null,"metricName":"sys.gpu.0.gpu_utilization","metricValue":0,"step":null}},"type":"metric_msg"}
{"payload":{"local_timestamp":1730590055792,"message_id":198,"metric":{"epoch":null,"metricName":"sys.gpu.0.power_usage","metricValue":3403,"step":null}},"type":"metric_msg"}
{"payload":{"local_timestamp":1730590055792,"message_id":199,"metric":{"epoch":null,"metricName":"sys.gpu.0.temperature","metricValue":51,"step":null}},"type":"metric_msg"}
{"payload":{"local_timestamp":1730590055793,"message_id":200,"metric":{"epoch":null,"metricName":"sys.gpu.0.memory_utilization","metricValue":0,"step":null}},"type":"metric_msg"}
{"payload":{"local_timestamp":1730590055793,"message_id":201,"metric":{"epoch":null,"metricName":"sys.gpu.0.free_memory","metricValue":3940380672,"step":null}},"type":"metric_msg"}
{"payload":{"local_timestamp":1730590055793,"message_id":202,"metric":{"epoch":null,"metricName":"sys.gpu.0.used_memory","metricValue":354586624,"step":null}},"type":"metric_msg"}
{"payload":{"local_timestamp":1730590055793,"message_id":203,"metric":{"epoch":null,"metricName":"sys.gpu.0.percent.used_memory","metricValue":8.255863189697266,"step":null}},"type":"metric_msg"}
{"payload":{"local_timestamp":1730590055924,"message_id":204,"metric":{"epoch":null,"metricName":"sys.cpu.percent.avg","metricValue":6.68125,"step":null}},"type":"metric_msg"}
{"payload":{"local_timestamp":1730590055924,"message_id":205,"metric":{"epoch":null,"metricName":"sys.ram.total","metricValue":16866881536,"step":null}},"type":"metric_msg"}
{"payload":{"local_timestamp":1730590055924,"message_id":206,"metric":{"epoch":null,"metricName":"sys.ram.used","metricValue":16116768768,"step":null}},"type":"metric_msg"}
{"payload":{"local_timestamp":1730590055924,"message_id":207,"metric":{"epoch":null,"metricName":"sys.ram.available","metricValue":750112768,"step":null}},"type":"metric_msg"}
{"payload":{"local_timestamp":1730590055924,"message_id":208,"metric":{"epoch":null,"metricName":"sys.ram.percent.used","metricValue":95.6,"step":null}},"type":"metric_msg"}
{"payload":{"local_timestamp":1730590055924,"message_id":209,"metric":{"epoch":null,"metricName":"sys.load.avg","metricValue":0.11,"step":null}},"type":"metric_msg"}
{"payload":{"local_timestamp":1730590056071,"message_id":210,"metric":{"epoch":null,"metricName":"sys.network.send_bps","metricValue":4984,"step":null}},"type":"metric_msg"}
{"payload":{"local_timestamp":1730590056071,"message_id":211,"metric":{"epoch":null,"metricName":"sys.network.receive_bps","metricValue":4195,"step":null}},"type":"metric_msg"}
{"payload":{"local_timestamp":1730590056177,"message_id":212,"metric":{"epoch":null,"metricName":"sys.disk.read_bps","metricValue":42919959.02396858,"step":null}},"type":"metric_msg"}
{"payload":{"local_timestamp":1730590056177,"message_id":213,"metric":{"epoch":null,"metricName":"sys.disk.write_bps","metricValue":28607615.13214787,"step":null}},"type":"metric_msg"}
{"payload":{"local_timestamp":1730590085929,"message_id":214,"metric":{"epoch":null,"metricName":"sys.gpu.0.gpu_utilization","metricValue":0,"step":null}},"type":"metric_msg"}
{"payload":{"local_timestamp":1730590085929,"message_id":215,"metric":{"epoch":null,"metricName":"sys.gpu.0.power_usage","metricValue":3430,"step":null}},"type":"metric_msg"}
{"payload":{"local_timestamp":1730590085930,"message_id":216,"metric":{"epoch":null,"metricName":"sys.gpu.0.temperature","metricValue":53,"step":null}},"type":"metric_msg"}
{"payload":{"local_timestamp":1730590085930,"message_id":217,"metric":{"epoch":null,"metricName":"sys.gpu.0.memory_utilization","metricValue":0,"step":null}},"type":"metric_msg"}
{"payload":{"local_timestamp":1730590085931,"message_id":218,"metric":{"epoch":null,"metricName":"sys.gpu.0.free_memory","metricValue":3940380672,"step":null}},"type":"metric_msg"}
{"payload":{"local_timestamp":1730590085931,"message_id":219,"metric":{"epoch":null,"metricName":"sys.gpu.0.used_memory","metricValue":354586624,"step":null}},"type":"metric_msg"}
{"payload":{"local_timestamp":1730590085931,"message_id":220,"metric":{"epoch":null,"metricName":"sys.gpu.0.percent.used_memory","metricValue":8.255863189697266,"step":null}},"type":"metric_msg"}
{"payload":{"local_timestamp":1730590086042,"message_id":221,"metric":{"epoch":null,"metricName":"sys.cpu.percent.avg","metricValue":4.9625,"step":null}},"type":"metric_msg"}
{"payload":{"local_timestamp":1730590086042,"message_id":222,"metric":{"epoch":null,"metricName":"sys.ram.total","metricValue":16866881536,"step":null}},"type":"metric_msg"}
{"payload":{"local_timestamp":1730590086042,"message_id":223,"metric":{"epoch":null,"metricName":"sys.ram.used","metricValue":12963340288,"step":null}},"type":"metric_msg"}
{"payload":{"local_timestamp":1730590086042,"message_id":224,"metric":{"epoch":null,"metricName":"sys.ram.available","metricValue":3903541248,"step":null}},"type":"metric_msg"}
{"payload":{"local_timestamp":1730590086042,"message_id":225,"metric":{"epoch":null,"metricName":"sys.ram.percent.used","metricValue":76.9,"step":null}},"type":"metric_msg"}
{"payload":{"local_timestamp":1730590086043,"message_id":226,"metric":{"epoch":null,"metricName":"sys.load.avg","metricValue":0.07,"step":null}},"type":"metric_msg"}
{"payload":{"local_timestamp":1730590086163,"message_id":227,"metric":{"epoch":null,"metricName":"sys.network.send_bps","metricValue":8920,"step":null}},"type":"metric_msg"}
{"payload":{"local_timestamp":1730590086163,"message_id":228,"metric":{"epoch":null,"metricName":"sys.network.receive_bps","metricValue":4594,"step":null}},"type":"metric_msg"}
{"payload":{"local_timestamp":1730590086264,"message_id":229,"metric":{"epoch":null,"metricName":"sys.disk.read_bps","metricValue":50016868.38528131,"step":null}},"type":"metric_msg"}
{"payload":{"local_timestamp":1730590086264,"message_id":230,"metric":{"epoch":null,"metricName":"sys.disk.write_bps","metricValue":77723703.84132467,"step":null}},"type":"metric_msg"}
{"payload":{"local_timestamp":1730590105853,"message_id":231,"output":"An error occurred during training: ","stderr":false},"type":"standard_output"}
{"payload":{"local_timestamp":1730590105881,"message_id":232,"output":"\n","stderr":false},"type":"standard_output"}
{"payload":{"local_timestamp":1730590105893,"message_id":233,"output":"Exception ignored in: ","stderr":true},"type":"standard_output"}
{"payload":{"local_timestamp":1730590105893,"message_id":234,"output":"<function _MultiProcessingDataLoaderIter.__del__ at 0x0000021290131080>","stderr":true},"type":"standard_output"}
{"payload":{"local_timestamp":1730590105903,"message_id":235,"output":"\n","stderr":true},"type":"standard_output"}
{"payload":{"local_timestamp":1730590105903,"message_id":236,"output":"Traceback (most recent call last):\n","stderr":true},"type":"standard_output"}
{"payload":{"local_timestamp":1730590105905,"message_id":237,"output":"  File \"C:\\Users\\rohit\\OneDrive\\Desktop\\net_kill_device\\.venv\\Lib\\site-packages\\torch\\utils\\data\\dataloader.py\", line 1604, in __del__\n","stderr":true},"type":"standard_output"}
{"payload":{"local_timestamp":1730590105923,"message_id":238,"output":"    ","stderr":true},"type":"standard_output"}
{"payload":{"local_timestamp":1730590105923,"message_id":239,"output":"self._shutdown_workers()","stderr":true},"type":"standard_output"}
{"payload":{"local_timestamp":1730590105923,"message_id":240,"output":"\n","stderr":true},"type":"standard_output"}
{"payload":{"local_timestamp":1730590105929,"message_id":241,"output":"  File \"C:\\Users\\rohit\\OneDrive\\Desktop\\net_kill_device\\.venv\\Lib\\site-packages\\torch\\utils\\data\\dataloader.py\", line 1562, in _shutdown_workers\n","stderr":true},"type":"standard_output"}
{"payload":{"local_timestamp":1730590105930,"message_id":242,"output":"    ","stderr":true},"type":"standard_output"}
{"payload":{"local_timestamp":1730590105931,"message_id":243,"output":"if self._persistent_workers or self._workers_status[worker_id]:","stderr":true},"type":"standard_output"}
{"payload":{"local_timestamp":1730590105931,"message_id":244,"output":"\n","stderr":true},"type":"standard_output"}
{"payload":{"local_timestamp":1730590105932,"message_id":245,"output":" ","stderr":true},"type":"standard_output"}
{"payload":{"local_timestamp":1730590105932,"message_id":246,"output":" ","stderr":true},"type":"standard_output"}
{"payload":{"local_timestamp":1730590105932,"message_id":247,"output":" ","stderr":true},"type":"standard_output"}
{"payload":{"local_timestamp":1730590105932,"message_id":248,"output":" ","stderr":true},"type":"standard_output"}
{"payload":{"local_timestamp":1730590105932,"message_id":249,"output":" ","stderr":true},"type":"standard_output"}
{"payload":{"local_timestamp":1730590105932,"message_id":250,"output":" ","stderr":true},"type":"standard_output"}
{"payload":{"local_timestamp":1730590105932,"message_id":251,"output":" ","stderr":true},"type":"standard_output"}
{"payload":{"local_timestamp":1730590105932,"message_id":252,"output":" ","stderr":true},"type":"standard_output"}
{"payload":{"local_timestamp":1730590105933,"message_id":253,"output":" ","stderr":true},"type":"standard_output"}
{"payload":{"local_timestamp":1730590105933,"message_id":254,"output":" ","stderr":true},"type":"standard_output"}
{"payload":{"local_timestamp":1730590105933,"message_id":255,"output":" ","stderr":true},"type":"standard_output"}
{"payload":{"local_timestamp":1730590105934,"message_id":256,"output":" ","stderr":true},"type":"standard_output"}
{"payload":{"local_timestamp":1730590105934,"message_id":257,"output":" ","stderr":true},"type":"standard_output"}
{"payload":{"local_timestamp":1730590105934,"message_id":258,"output":" ","stderr":true},"type":"standard_output"}
{"payload":{"local_timestamp":1730590105934,"message_id":259,"output":" ","stderr":true},"type":"standard_output"}
{"payload":{"local_timestamp":1730590105934,"message_id":260,"output":" ","stderr":true},"type":"standard_output"}
{"payload":{"local_timestamp":1730590105934,"message_id":261,"output":" ","stderr":true},"type":"standard_output"}
{"payload":{"local_timestamp":1730590105936,"message_id":262,"output":" ","stderr":true},"type":"standard_output"}
{"payload":{"local_timestamp":1730590105936,"message_id":263,"output":" ","stderr":true},"type":"standard_output"}
{"payload":{"local_timestamp":1730590105936,"message_id":264,"output":" ","stderr":true},"type":"standard_output"}
{"payload":{"local_timestamp":1730590105936,"message_id":265,"output":" ","stderr":true},"type":"standard_output"}
{"payload":{"local_timestamp":1730590105936,"message_id":266,"output":" ","stderr":true},"type":"standard_output"}
{"payload":{"local_timestamp":1730590105936,"message_id":267,"output":" ","stderr":true},"type":"standard_output"}
{"payload":{"local_timestamp":1730590105936,"message_id":268,"output":" ","stderr":true},"type":"standard_output"}
{"payload":{"local_timestamp":1730590105936,"message_id":269,"output":" ","stderr":true},"type":"standard_output"}
{"payload":{"local_timestamp":1730590105936,"message_id":270,"output":" ","stderr":true},"type":"standard_output"}
{"payload":{"local_timestamp":1730590105936,"message_id":271,"output":" ","stderr":true},"type":"standard_output"}
{"payload":{"local_timestamp":1730590105936,"message_id":272,"output":" ","stderr":true},"type":"standard_output"}
{"payload":{"local_timestamp":1730590105936,"message_id":273,"output":" ","stderr":true},"type":"standard_output"}
{"payload":{"local_timestamp":1730590105936,"message_id":274,"output":" ","stderr":true},"type":"standard_output"}
{"payload":{"local_timestamp":1730590105936,"message_id":275,"output":" ","stderr":true},"type":"standard_output"}
{"payload":{"local_timestamp":1730590105936,"message_id":276,"output":" ","stderr":true},"type":"standard_output"}
{"payload":{"local_timestamp":1730590105936,"message_id":277,"output":" ","stderr":true},"type":"standard_output"}
{"payload":{"local_timestamp":1730590105936,"message_id":278,"output":" ","stderr":true},"type":"standard_output"}
{"payload":{"local_timestamp":1730590105936,"message_id":279,"output":" ","stderr":true},"type":"standard_output"}
{"payload":{"local_timestamp":1730590105937,"message_id":280,"output":"^","stderr":true},"type":"standard_output"}
{"payload":{"local_timestamp":1730590105937,"message_id":281,"output":"^","stderr":true},"type":"standard_output"}
{"payload":{"local_timestamp":1730590105937,"message_id":282,"output":"^","stderr":true},"type":"standard_output"}
{"payload":{"local_timestamp":1730590105937,"message_id":283,"output":"^","stderr":true},"type":"standard_output"}
{"payload":{"local_timestamp":1730590105937,"message_id":284,"output":"^","stderr":true},"type":"standard_output"}
{"payload":{"local_timestamp":1730590105937,"message_id":285,"output":"^","stderr":true},"type":"standard_output"}
{"payload":{"local_timestamp":1730590105937,"message_id":286,"output":"^","stderr":true},"type":"standard_output"}
{"payload":{"local_timestamp":1730590105937,"message_id":287,"output":"^","stderr":true},"type":"standard_output"}
{"payload":{"local_timestamp":1730590105937,"message_id":288,"output":"^","stderr":true},"type":"standard_output"}
{"payload":{"local_timestamp":1730590105937,"message_id":289,"output":"^","stderr":true},"type":"standard_output"}
{"payload":{"local_timestamp":1730590105937,"message_id":290,"output":"^","stderr":true},"type":"standard_output"}
{"payload":{"local_timestamp":1730590105937,"message_id":291,"output":"^","stderr":true},"type":"standard_output"}
{"payload":{"local_timestamp":1730590105937,"message_id":292,"output":"^","stderr":true},"type":"standard_output"}
{"payload":{"local_timestamp":1730590105937,"message_id":293,"output":"^","stderr":true},"type":"standard_output"}
{"payload":{"local_timestamp":1730590105937,"message_id":294,"output":"^","stderr":true},"type":"standard_output"}
{"payload":{"local_timestamp":1730590105937,"message_id":295,"output":"^","stderr":true},"type":"standard_output"}
{"payload":{"local_timestamp":1730590105938,"message_id":296,"output":"^","stderr":true},"type":"standard_output"}
{"payload":{"local_timestamp":1730590105938,"message_id":297,"output":"^","stderr":true},"type":"standard_output"}
{"payload":{"local_timestamp":1730590105938,"message_id":298,"output":"^","stderr":true},"type":"standard_output"}
{"payload":{"local_timestamp":1730590105938,"message_id":299,"output":"^","stderr":true},"type":"standard_output"}
{"payload":{"local_timestamp":1730590105956,"message_id":300,"output":"\n","stderr":true},"type":"standard_output"}
{"payload":{"local_timestamp":1730590105957,"message_id":301,"output":"AttributeError","stderr":true},"type":"standard_output"}
{"payload":{"local_timestamp":1730590105957,"message_id":302,"output":": ","stderr":true},"type":"standard_output"}
{"payload":{"local_timestamp":1730590105957,"message_id":303,"output":"'_MultiProcessingDataLoaderIter' object has no attribute '_workers_status'","stderr":true},"type":"standard_output"}
{"payload":{"local_timestamp":1730590105957,"message_id":304,"output":"\n","stderr":true},"type":"standard_output"}
{"payload":{"local_timestamp":1730590106794,"message_id":305,"output":"\u001b[1;38;5;39mCOMET INFO:\u001b[0m ---------------------------------------------------------------------------------------\n","stderr":true},"type":"standard_output"}
{"payload":{"local_timestamp":1730590106795,"message_id":306,"output":"\u001b[1;38;5;39mCOMET INFO:\u001b[0m Comet.ml OfflineExperiment Summary\n","stderr":true},"type":"standard_output"}
{"payload":{"local_timestamp":1730590106795,"message_id":307,"output":"\u001b[1;38;5;39mCOMET INFO:\u001b[0m ---------------------------------------------------------------------------------------\n","stderr":true},"type":"standard_output"}
{"payload":{"local_timestamp":1730590106802,"message_id":308,"output":"\u001b[1;38;5;39mCOMET INFO:\u001b[0m   Data:\n","stderr":true},"type":"standard_output"}
{"payload":{"local_timestamp":1730590106803,"message_id":309,"output":"\u001b[1;38;5;39mCOMET INFO:\u001b[0m     display_summary_level : 1\n","stderr":true},"type":"standard_output"}
{"payload":{"local_timestamp":1730590106804,"message_id":310,"output":"\u001b[1;38;5;39mCOMET INFO:\u001b[0m     name                  : exp\n","stderr":true},"type":"standard_output"}
{"payload":{"local_timestamp":1730590106804,"message_id":311,"output":"\u001b[1;38;5;39mCOMET INFO:\u001b[0m     url                   : [OfflineExperiment will get URL after upload]\n","stderr":true},"type":"standard_output"}
{"payload":{"local_timestamp":1730590106804,"message_id":312,"output":"\u001b[1;38;5;39mCOMET INFO:\u001b[0m   Others:\n","stderr":true},"type":"standard_output"}
{"payload":{"local_timestamp":1730590106804,"message_id":313,"output":"\u001b[1;38;5;39mCOMET INFO:\u001b[0m     Created from                : YOLOv5\n","stderr":true},"type":"standard_output"}
{"payload":{"local_timestamp":1730590106805,"message_id":314,"output":"\u001b[1;38;5;39mCOMET INFO:\u001b[0m     Name                        : exp\n","stderr":true},"type":"standard_output"}
{"payload":{"local_timestamp":1730590106805,"message_id":315,"output":"\u001b[1;38;5;39mCOMET INFO:\u001b[0m     comet_log_batch_metrics     : False\n","stderr":true},"type":"standard_output"}
{"payload":{"local_timestamp":1730590106806,"message_id":316,"output":"\u001b[1;38;5;39mCOMET INFO:\u001b[0m     comet_log_confusion_matrix  : True\n","stderr":true},"type":"standard_output"}
{"payload":{"local_timestamp":1730590106806,"message_id":317,"output":"\u001b[1;38;5;39mCOMET INFO:\u001b[0m     comet_log_per_class_metrics : False\n","stderr":true},"type":"standard_output"}
{"payload":{"local_timestamp":1730590106806,"message_id":318,"output":"\u001b[1;38;5;39mCOMET INFO:\u001b[0m     comet_max_image_uploads     : 100\n","stderr":true},"type":"standard_output"}
{"payload":{"local_timestamp":1730590106806,"message_id":319,"output":"\u001b[1;38;5;39mCOMET INFO:\u001b[0m     comet_mode                  : online\n","stderr":true},"type":"standard_output"}
{"payload":{"local_timestamp":1730590106806,"message_id":320,"output":"\u001b[1;38;5;39mCOMET INFO:\u001b[0m     comet_model_name            : yolov5\n","stderr":true},"type":"standard_output"}
{"payload":{"local_timestamp":1730590106806,"message_id":321,"output":"\u001b[1;38;5;39mCOMET INFO:\u001b[0m     hasNestedParams             : True\n","stderr":true},"type":"standard_output"}
{"payload":{"local_timestamp":1730590106807,"message_id":322,"output":"\u001b[1;38;5;39mCOMET INFO:\u001b[0m     offline_experiment          : True\n","stderr":true},"type":"standard_output"}
{"payload":{"local_timestamp":1730590106807,"message_id":323,"output":"\u001b[1;38;5;39mCOMET INFO:\u001b[0m   Parameters:\n","stderr":true},"type":"standard_output"}
{"payload":{"local_timestamp":1730590106807,"message_id":324,"output":"\u001b[1;38;5;39mCOMET INFO:\u001b[0m     anchor_t            : 4.0\n","stderr":true},"type":"standard_output"}
{"payload":{"local_timestamp":1730590106807,"message_id":325,"output":"\u001b[1;38;5;39mCOMET INFO:\u001b[0m     artifact_alias      : latest\n","stderr":true},"type":"standard_output"}
{"payload":{"local_timestamp":1730590106807,"message_id":326,"output":"\u001b[1;38;5;39mCOMET INFO:\u001b[0m     batch               : 16\n","stderr":true},"type":"standard_output"}
{"payload":{"local_timestamp":1730590106808,"message_id":327,"output":"\u001b[1;38;5;39mCOMET INFO:\u001b[0m     batch_size          : 16\n","stderr":true},"type":"standard_output"}
{"payload":{"local_timestamp":1730590106808,"message_id":328,"output":"\u001b[1;38;5;39mCOMET INFO:\u001b[0m     bbox_interval       : -1\n","stderr":true},"type":"standard_output"}
{"payload":{"local_timestamp":1730590106808,"message_id":329,"output":"\u001b[1;38;5;39mCOMET INFO:\u001b[0m     box                 : 0.05\n","stderr":true},"type":"standard_output"}
{"payload":{"local_timestamp":1730590106808,"message_id":330,"output":"\u001b[1;38;5;39mCOMET INFO:\u001b[0m     bucket              : \n","stderr":true},"type":"standard_output"}
{"payload":{"local_timestamp":1730590106808,"message_id":331,"output":"\u001b[1;38;5;39mCOMET INFO:\u001b[0m     cache               : True\n","stderr":true},"type":"standard_output"}
{"payload":{"local_timestamp":1730590106808,"message_id":332,"output":"\u001b[1;38;5;39mCOMET INFO:\u001b[0m     cfg                 : \n","stderr":true},"type":"standard_output"}
{"payload":{"local_timestamp":1730590106809,"message_id":333,"output":"\u001b[1;38;5;39mCOMET INFO:\u001b[0m     cls                 : 0.5\n","stderr":true},"type":"standard_output"}
{"payload":{"local_timestamp":1730590106809,"message_id":334,"output":"\u001b[1;38;5;39mCOMET INFO:\u001b[0m     cls_pw              : 1.0\n","stderr":true},"type":"standard_output"}
{"payload":{"local_timestamp":1730590106809,"message_id":335,"output":"\u001b[1;38;5;39mCOMET INFO:\u001b[0m     copy_paste          : 0.0\n","stderr":true},"type":"standard_output"}
{"payload":{"local_timestamp":1730590106809,"message_id":336,"output":"\u001b[1;38;5;39mCOMET INFO:\u001b[0m     cos_lr              : False\n","stderr":true},"type":"standard_output"}
{"payload":{"local_timestamp":1730590106809,"message_id":337,"output":"\u001b[1;38;5;39mCOMET INFO:\u001b[0m     data                : C:\\Users\\rohit\\OneDrive\\Desktop\\net_kill_device\\badminton_net_fault_detection\\yolov5\\data\\dataset.yaml\n","stderr":true},"type":"standard_output"}
{"payload":{"local_timestamp":1730590106809,"message_id":338,"output":"\u001b[1;38;5;39mCOMET INFO:\u001b[0m     degrees             : 0.0\n","stderr":true},"type":"standard_output"}
{"payload":{"local_timestamp":1730590106809,"message_id":339,"output":"\u001b[1;38;5;39mCOMET INFO:\u001b[0m     device              : cuda:0\n","stderr":true},"type":"standard_output"}
{"payload":{"local_timestamp":1730590106810,"message_id":340,"output":"\u001b[1;38;5;39mCOMET INFO:\u001b[0m     entity              : None\n","stderr":true},"type":"standard_output"}
{"payload":{"local_timestamp":1730590106810,"message_id":341,"output":"\u001b[1;38;5;39mCOMET INFO:\u001b[0m     epochs              : 100\n","stderr":true},"type":"standard_output"}
{"payload":{"local_timestamp":1730590106810,"message_id":342,"output":"\u001b[1;38;5;39mCOMET INFO:\u001b[0m     evolve              : None\n","stderr":true},"type":"standard_output"}
{"payload":{"local_timestamp":1730590106810,"message_id":343,"output":"\u001b[1;38;5;39mCOMET INFO:\u001b[0m     exist_ok            : False\n","stderr":true},"type":"standard_output"}
{"payload":{"local_timestamp":1730590106810,"message_id":344,"output":"\u001b[1;38;5;39mCOMET INFO:\u001b[0m     fl_gamma            : 0.0\n","stderr":true},"type":"standard_output"}
{"payload":{"local_timestamp":1730590106810,"message_id":345,"output":"\u001b[1;38;5;39mCOMET INFO:\u001b[0m     fliplr              : 0.5\n","stderr":true},"type":"standard_output"}
{"payload":{"local_timestamp":1730590106811,"message_id":346,"output":"\u001b[1;38;5;39mCOMET INFO:\u001b[0m     flipud              : 0.0\n","stderr":true},"type":"standard_output"}
{"payload":{"local_timestamp":1730590106811,"message_id":347,"output":"\u001b[1;38;5;39mCOMET INFO:\u001b[0m     freeze              : [0]\n","stderr":true},"type":"standard_output"}
{"payload":{"local_timestamp":1730590106811,"message_id":348,"output":"\u001b[1;38;5;39mCOMET INFO:\u001b[0m     hf_dataset_id       : None\n","stderr":true},"type":"standard_output"}
{"payload":{"local_timestamp":1730590106811,"message_id":349,"output":"\u001b[1;38;5;39mCOMET INFO:\u001b[0m     hf_model_id         : None\n","stderr":true},"type":"standard_output"}
{"payload":{"local_timestamp":1730590106811,"message_id":350,"output":"\u001b[1;38;5;39mCOMET INFO:\u001b[0m     hf_private          : False\n","stderr":true},"type":"standard_output"}
{"payload":{"local_timestamp":1730590106812,"message_id":351,"output":"\u001b[1;38;5;39mCOMET INFO:\u001b[0m     hf_token            : None\n","stderr":true},"type":"standard_output"}
{"payload":{"local_timestamp":1730590106812,"message_id":352,"output":"\u001b[1;38;5;39mCOMET INFO:\u001b[0m     hsv_h               : 0.015\n","stderr":true},"type":"standard_output"}
{"payload":{"local_timestamp":1730590106812,"message_id":353,"output":"\u001b[1;38;5;39mCOMET INFO:\u001b[0m     hsv_s               : 0.7\n","stderr":true},"type":"standard_output"}
{"payload":{"local_timestamp":1730590106812,"message_id":354,"output":"\u001b[1;38;5;39mCOMET INFO:\u001b[0m     hsv_v               : 0.4\n","stderr":true},"type":"standard_output"}
{"payload":{"local_timestamp":1730590106812,"message_id":355,"output":"\u001b[1;38;5;39mCOMET INFO:\u001b[0m     hyp|anchor_t        : 4.0\n","stderr":true},"type":"standard_output"}
{"payload":{"local_timestamp":1730590106813,"message_id":356,"output":"\u001b[1;38;5;39mCOMET INFO:\u001b[0m     hyp|box             : 0.05\n","stderr":true},"type":"standard_output"}
{"payload":{"local_timestamp":1730590106813,"message_id":357,"output":"\u001b[1;38;5;39mCOMET INFO:\u001b[0m     hyp|cls             : 0.5\n","stderr":true},"type":"standard_output"}
{"payload":{"local_timestamp":1730590106813,"message_id":358,"output":"\u001b[1;38;5;39mCOMET INFO:\u001b[0m     hyp|cls_pw          : 1.0\n","stderr":true},"type":"standard_output"}
{"payload":{"local_timestamp":1730590106813,"message_id":359,"output":"\u001b[1;38;5;39mCOMET INFO:\u001b[0m     hyp|copy_paste      : 0.0\n","stderr":true},"type":"standard_output"}
{"payload":{"local_timestamp":1730590106813,"message_id":360,"output":"\u001b[1;38;5;39mCOMET INFO:\u001b[0m     hyp|degrees         : 0.0\n","stderr":true},"type":"standard_output"}
{"payload":{"local_timestamp":1730590106814,"message_id":361,"output":"\u001b[1;38;5;39mCOMET INFO:\u001b[0m     hyp|fl_gamma        : 0.0\n","stderr":true},"type":"standard_output"}
{"payload":{"local_timestamp":1730590106814,"message_id":362,"output":"\u001b[1;38;5;39mCOMET INFO:\u001b[0m     hyp|fliplr          : 0.5\n","stderr":true},"type":"standard_output"}
{"payload":{"local_timestamp":1730590106814,"message_id":363,"output":"\u001b[1;38;5;39mCOMET INFO:\u001b[0m     hyp|flipud          : 0.0\n","stderr":true},"type":"standard_output"}
{"payload":{"local_timestamp":1730590106814,"message_id":364,"output":"\u001b[1;38;5;39mCOMET INFO:\u001b[0m     hyp|hsv_h           : 0.015\n","stderr":true},"type":"standard_output"}
{"payload":{"local_timestamp":1730590106814,"message_id":365,"output":"\u001b[1;38;5;39mCOMET INFO:\u001b[0m     hyp|hsv_s           : 0.7\n","stderr":true},"type":"standard_output"}
{"payload":{"local_timestamp":1730590106815,"message_id":366,"output":"\u001b[1;38;5;39mCOMET INFO:\u001b[0m     hyp|hsv_v           : 0.4\n","stderr":true},"type":"standard_output"}
{"payload":{"local_timestamp":1730590106815,"message_id":367,"output":"\u001b[1;38;5;39mCOMET INFO:\u001b[0m     hyp|iou_t           : 0.2\n","stderr":true},"type":"standard_output"}
{"payload":{"local_timestamp":1730590106815,"message_id":368,"output":"\u001b[1;38;5;39mCOMET INFO:\u001b[0m     hyp|lr0             : 0.01\n","stderr":true},"type":"standard_output"}
{"payload":{"local_timestamp":1730590106816,"message_id":369,"output":"\u001b[1;38;5;39mCOMET INFO:\u001b[0m     hyp|lrf             : 0.01\n","stderr":true},"type":"standard_output"}
{"payload":{"local_timestamp":1730590106816,"message_id":370,"output":"\u001b[1;38;5;39mCOMET INFO:\u001b[0m     hyp|mixup           : 0.0\n","stderr":true},"type":"standard_output"}
{"payload":{"local_timestamp":1730590106816,"message_id":371,"output":"\u001b[1;38;5;39mCOMET INFO:\u001b[0m     hyp|momentum        : 0.937\n","stderr":true},"type":"standard_output"}
{"payload":{"local_timestamp":1730590106816,"message_id":372,"output":"\u001b[1;38;5;39mCOMET INFO:\u001b[0m     hyp|mosaic          : 1.0\n","stderr":true},"type":"standard_output"}
{"payload":{"local_timestamp":1730590106817,"message_id":373,"output":"\u001b[1;38;5;39mCOMET INFO:\u001b[0m     hyp|obj             : 1.0\n","stderr":true},"type":"standard_output"}
{"payload":{"local_timestamp":1730590106817,"message_id":374,"output":"\u001b[1;38;5;39mCOMET INFO:\u001b[0m     hyp|obj_pw          : 1.0\n","stderr":true},"type":"standard_output"}
{"payload":{"local_timestamp":1730590106817,"message_id":375,"output":"\u001b[1;38;5;39mCOMET INFO:\u001b[0m     hyp|perspective     : 0.0\n","stderr":true},"type":"standard_output"}
{"payload":{"local_timestamp":1730590106817,"message_id":376,"output":"\u001b[1;38;5;39mCOMET INFO:\u001b[0m     hyp|scale           : 0.5\n","stderr":true},"type":"standard_output"}
{"payload":{"local_timestamp":1730590106817,"message_id":377,"output":"\u001b[1;38;5;39mCOMET INFO:\u001b[0m     hyp|shear           : 0.0\n","stderr":true},"type":"standard_output"}
{"payload":{"local_timestamp":1730590106818,"message_id":378,"output":"\u001b[1;38;5;39mCOMET INFO:\u001b[0m     hyp|translate       : 0.1\n","stderr":true},"type":"standard_output"}
{"payload":{"local_timestamp":1730590106818,"message_id":379,"output":"\u001b[1;38;5;39mCOMET INFO:\u001b[0m     hyp|warmup_bias_lr  : 0.1\n","stderr":true},"type":"standard_output"}
{"payload":{"local_timestamp":1730590106819,"message_id":380,"output":"\u001b[1;38;5;39mCOMET INFO:\u001b[0m     hyp|warmup_epochs   : 3.0\n","stderr":true},"type":"standard_output"}
{"payload":{"local_timestamp":1730590106821,"message_id":381,"output":"\u001b[1;38;5;39mCOMET INFO:\u001b[0m     hyp|warmup_momentum : 0.8\n","stderr":true},"type":"standard_output"}
{"payload":{"local_timestamp":1730590106821,"message_id":382,"output":"\u001b[1;38;5;39mCOMET INFO:\u001b[0m     hyp|weight_decay    : 0.0005\n","stderr":true},"type":"standard_output"}
{"payload":{"local_timestamp":1730590106823,"message_id":383,"output":"\u001b[1;38;5;39mCOMET INFO:\u001b[0m     image_weights       : False\n","stderr":true},"type":"standard_output"}
{"payload":{"local_timestamp":1730590106824,"message_id":384,"output":"\u001b[1;38;5;39mCOMET INFO:\u001b[0m     img                 : 640\n","stderr":true},"type":"standard_output"}
{"payload":{"local_timestamp":1730590106824,"message_id":385,"output":"\u001b[1;38;5;39mCOMET INFO:\u001b[0m     imgsz               : 640\n","stderr":true},"type":"standard_output"}
{"payload":{"local_timestamp":1730590106824,"message_id":386,"output":"\u001b[1;38;5;39mCOMET INFO:\u001b[0m     iou_t               : 0.2\n","stderr":true},"type":"standard_output"}
{"payload":{"local_timestamp":1730590106824,"message_id":387,"output":"\u001b[1;38;5;39mCOMET INFO:\u001b[0m     label_smoothing     : 0.0\n","stderr":true},"type":"standard_output"}
{"payload":{"local_timestamp":1730590106825,"message_id":388,"output":"\u001b[1;38;5;39mCOMET INFO:\u001b[0m     local_rank          : -1\n","stderr":true},"type":"standard_output"}
{"payload":{"local_timestamp":1730590106825,"message_id":389,"output":"\u001b[1;38;5;39mCOMET INFO:\u001b[0m     lr0                 : 0.01\n","stderr":true},"type":"standard_output"}
{"payload":{"local_timestamp":1730590106826,"message_id":390,"output":"\u001b[1;38;5;39mCOMET INFO:\u001b[0m     lrf                 : 0.01\n","stderr":true},"type":"standard_output"}
{"payload":{"local_timestamp":1730590106828,"message_id":391,"output":"\u001b[1;38;5;39mCOMET INFO:\u001b[0m     mixup               : 0.0\n","stderr":true},"type":"standard_output"}
{"payload":{"local_timestamp":1730590106828,"message_id":392,"output":"\u001b[1;38;5;39mCOMET INFO:\u001b[0m     momentum            : 0.937\n","stderr":true},"type":"standard_output"}
{"payload":{"local_timestamp":1730590106829,"message_id":393,"output":"\u001b[1;38;5;39mCOMET INFO:\u001b[0m     mosaic              : 1.0\n","stderr":true},"type":"standard_output"}
{"payload":{"local_timestamp":1730590106829,"message_id":394,"output":"\u001b[1;38;5;39mCOMET INFO:\u001b[0m     multi_scale         : False\n","stderr":true},"type":"standard_output"}
{"payload":{"local_timestamp":1730590106829,"message_id":395,"output":"\u001b[1;38;5;39mCOMET INFO:\u001b[0m     name                : exp\n","stderr":true},"type":"standard_output"}
{"payload":{"local_timestamp":1730590106830,"message_id":396,"output":"\u001b[1;38;5;39mCOMET INFO:\u001b[0m     neptune_project     : None\n","stderr":true},"type":"standard_output"}
{"payload":{"local_timestamp":1730590106830,"message_id":397,"output":"\u001b[1;38;5;39mCOMET INFO:\u001b[0m     neptune_resume_id   : None\n","stderr":true},"type":"standard_output"}
{"payload":{"local_timestamp":1730590106830,"message_id":398,"output":"\u001b[1;38;5;39mCOMET INFO:\u001b[0m     neptune_token       : None\n","stderr":true},"type":"standard_output"}
{"payload":{"local_timestamp":1730590106831,"message_id":399,"output":"\u001b[1;38;5;39mCOMET INFO:\u001b[0m     noautoanchor        : False\n","stderr":true},"type":"standard_output"}
{"payload":{"local_timestamp":1730590106831,"message_id":400,"output":"\u001b[1;38;5;39mCOMET INFO:\u001b[0m     noplots             : False\n","stderr":true},"type":"standard_output"}
{"payload":{"local_timestamp":1730590106832,"message_id":401,"output":"\u001b[1;38;5;39mCOMET INFO:\u001b[0m     nosave              : False\n","stderr":true},"type":"standard_output"}
{"payload":{"local_timestamp":1730590106832,"message_id":402,"output":"\u001b[1;38;5;39mCOMET INFO:\u001b[0m     noval               : False\n","stderr":true},"type":"standard_output"}
{"payload":{"local_timestamp":1730590106832,"message_id":403,"output":"\u001b[1;38;5;39mCOMET INFO:\u001b[0m     obj                 : 1.0\n","stderr":true},"type":"standard_output"}
{"payload":{"local_timestamp":1730590106833,"message_id":404,"output":"\u001b[1;38;5;39mCOMET INFO:\u001b[0m     obj_pw              : 1.0\n","stderr":true},"type":"standard_output"}
{"payload":{"local_timestamp":1730590106833,"message_id":405,"output":"\u001b[1;38;5;39mCOMET INFO:\u001b[0m     optimizer           : SGD\n","stderr":true},"type":"standard_output"}
{"payload":{"local_timestamp":1730590106833,"message_id":406,"output":"\u001b[1;38;5;39mCOMET INFO:\u001b[0m     patience            : 100\n","stderr":true},"type":"standard_output"}
{"payload":{"local_timestamp":1730590106833,"message_id":407,"output":"\u001b[1;38;5;39mCOMET INFO:\u001b[0m     perspective         : 0.0\n","stderr":true},"type":"standard_output"}
{"payload":{"local_timestamp":1730590106834,"message_id":408,"output":"\u001b[1;38;5;39mCOMET INFO:\u001b[0m     project             : runs/train\n","stderr":true},"type":"standard_output"}
{"payload":{"local_timestamp":1730590106835,"message_id":409,"output":"\u001b[1;38;5;39mCOMET INFO:\u001b[0m     quad                : False\n","stderr":true},"type":"standard_output"}
{"payload":{"local_timestamp":1730590106836,"message_id":410,"output":"\u001b[1;38;5;39mCOMET INFO:\u001b[0m     rect                : False\n","stderr":true},"type":"standard_output"}
{"payload":{"local_timestamp":1730590106836,"message_id":411,"output":"\u001b[1;38;5;39mCOMET INFO:\u001b[0m     resume              : False\n","stderr":true},"type":"standard_output"}
{"payload":{"local_timestamp":1730590106836,"message_id":412,"output":"\u001b[1;38;5;39mCOMET INFO:\u001b[0m     roboflow_token      : None\n","stderr":true},"type":"standard_output"}
{"payload":{"local_timestamp":1730590106837,"message_id":413,"output":"\u001b[1;38;5;39mCOMET INFO:\u001b[0m     roboflow_upload     : False\n","stderr":true},"type":"standard_output"}
{"payload":{"local_timestamp":1730590106838,"message_id":414,"output":"\u001b[1;38;5;39mCOMET INFO:\u001b[0m     s3_upload_dir       : None\n","stderr":true},"type":"standard_output"}
{"payload":{"local_timestamp":1730590106839,"message_id":415,"output":"\u001b[1;38;5;39mCOMET INFO:\u001b[0m     save_dir            : runs\\train\\exp3\n","stderr":true},"type":"standard_output"}
{"payload":{"local_timestamp":1730590106839,"message_id":416,"output":"\u001b[1;38;5;39mCOMET INFO:\u001b[0m     save_period         : -1\n","stderr":true},"type":"standard_output"}
{"payload":{"local_timestamp":1730590106839,"message_id":417,"output":"\u001b[1;38;5;39mCOMET INFO:\u001b[0m     scale               : 0.5\n","stderr":true},"type":"standard_output"}
{"payload":{"local_timestamp":1730590106839,"message_id":418,"output":"\u001b[1;38;5;39mCOMET INFO:\u001b[0m     seed                : 0\n","stderr":true},"type":"standard_output"}
{"payload":{"local_timestamp":1730590106840,"message_id":419,"output":"\u001b[1;38;5;39mCOMET INFO:\u001b[0m     shear               : 0.0\n","stderr":true},"type":"standard_output"}
{"payload":{"local_timestamp":1730590106840,"message_id":420,"output":"\u001b[1;38;5;39mCOMET INFO:\u001b[0m     single_cls          : False\n","stderr":true},"type":"standard_output"}
{"payload":{"local_timestamp":1730590106840,"message_id":421,"output":"\u001b[1;38;5;39mCOMET INFO:\u001b[0m     sync_bn             : False\n","stderr":true},"type":"standard_output"}
{"payload":{"local_timestamp":1730590106841,"message_id":422,"output":"\u001b[1;38;5;39mCOMET INFO:\u001b[0m     translate           : 0.1\n","stderr":true},"type":"standard_output"}
{"payload":{"local_timestamp":1730590106842,"message_id":423,"output":"\u001b[1;38;5;39mCOMET INFO:\u001b[0m     upload_dataset      : False\n","stderr":true},"type":"standard_output"}
{"payload":{"local_timestamp":1730590106843,"message_id":424,"output":"\u001b[1;38;5;39mCOMET INFO:\u001b[0m     val_conf_threshold  : 0.001\n","stderr":true},"type":"standard_output"}
{"payload":{"local_timestamp":1730590106843,"message_id":425,"output":"\u001b[1;38;5;39mCOMET INFO:\u001b[0m     val_iou_threshold   : 0.6\n","stderr":true},"type":"standard_output"}
{"payload":{"local_timestamp":1730590106843,"message_id":426,"output":"\u001b[1;38;5;39mCOMET INFO:\u001b[0m     warmup_bias_lr      : 0.1\n","stderr":true},"type":"standard_output"}
{"payload":{"local_timestamp":1730590106843,"message_id":427,"output":"\u001b[1;38;5;39mCOMET INFO:\u001b[0m     warmup_epochs       : 3.0\n","stderr":true},"type":"standard_output"}
{"payload":{"local_timestamp":1730590106843,"message_id":428,"output":"\u001b[1;38;5;39mCOMET INFO:\u001b[0m     warmup_momentum     : 0.8\n","stderr":true},"type":"standard_output"}
{"payload":{"local_timestamp":1730590106844,"message_id":429,"output":"\u001b[1;38;5;39mCOMET INFO:\u001b[0m     weight_decay        : 0.0005\n","stderr":true},"type":"standard_output"}
{"payload":{"local_timestamp":1730590106844,"message_id":430,"output":"\u001b[1;38;5;39mCOMET INFO:\u001b[0m     weights             : yolov5s.pt\n","stderr":true},"type":"standard_output"}
{"payload":{"local_timestamp":1730590106844,"message_id":431,"output":"\u001b[1;38;5;39mCOMET INFO:\u001b[0m     workers             : 4\n","stderr":true},"type":"standard_output"}
{"payload":{"local_timestamp":1730590106844,"message_id":432,"output":"\u001b[1;38;5;39mCOMET INFO:\u001b[0m   Uploads:\n","stderr":true},"type":"standard_output"}
{"payload":{"local_timestamp":1730590106844,"message_id":433,"output":"\u001b[1;38;5;39mCOMET INFO:\u001b[0m     asset               : 3 (1.86 KB)\n","stderr":true},"type":"standard_output"}
{"payload":{"local_timestamp":1730590106844,"message_id":434,"output":"\u001b[1;38;5;39mCOMET INFO:\u001b[0m     environment details : 1\n","stderr":true},"type":"standard_output"}
{"payload":{"local_timestamp":1730590106845,"message_id":435,"output":"\u001b[1;38;5;39mCOMET INFO:\u001b[0m     git metadata        : 1\n","stderr":true},"type":"standard_output"}
{"payload":{"local_timestamp":1730590106845,"message_id":436,"output":"\u001b[1;38;5;39mCOMET INFO:\u001b[0m     installed packages  : 1\n","stderr":true},"type":"standard_output"}
{"payload":{"local_timestamp":1730590106845,"message_id":437,"output":"\u001b[1;38;5;39mCOMET INFO:\u001b[0m \n","stderr":true},"type":"standard_output"}
{"payload":{"local_timestamp":1730590106849,"message_id":438,"output":"\u001b[1;38;5;214mCOMET WARNING:\u001b[0m To get all data logged automatically, import comet_ml before the following modules: tensorboard, torch.\n","stderr":true},"type":"standard_output"}
{"payload":{"key":"sys.already_imported_modules","message_id":439,"value":"[\"tensorboard\", \"torch\"]"},"type":"log_other"}
